Surname,GivenName,BithDate,Gender,HireDate,InitialLevel
Geddes,Maribel,2001-02-27,F,2019-10-21,2
Mote,Elida,1999-07-07,F,1994-09-12,9
Mongold,Christeen,2001-01-22,M,2002-10-14,7
Block,Samatha,1990-10-05,F,2018-09-09,2
Stoval,Tami,2000-02-09,M,2019-05-28,2
Antes,Stephania,1993-09-06,M,1992-07-02,1
Geddes,Anthony,2000-02-03,F,2020-07-12,8
Mote,Elida,1995-11-06,M,1997-04-21,7
Schildgen,Yuri,1997-10-25,F,1993-10-29,6
Paris,Thommy,1997-10-22,F,1990-10-30,8
Paris,Bong,1999-01-17,M,2013-08-21,1
Center,Jeanice,1999-07-14,F,1993-08-10,8
Mayoral,Marquis,1995-02-14,F,1992-04-12,8
Ramage,Lloyd,1991-05-09,M,1999-06-16,7
Byron,Alejandro,1994-11-15,F,1993-10-27,9
Schildgen,Leigha,1997-01-16,F,2020-01-31,6
Guillemette,Yuri,1994-02-24,F,2003-10-15,9
Motsinger,Dion,2001-08-29,M,2005-02-12,1
Wrona,Christeen,1995-12-28,F,1993-02-27,7
Mcnaught,Luz,1998-09-03,F,1994-03-13,9
Lupo,Margherita,1995-05-18,F,2003-02-01,1
Fetzer,Rubi,1997-05-04,M,2016-10-11,3
Kucera,Dion,1996-05-17,M,2013-01-21,2
Kazmierczak,Zonia,2001-10-06,F,2020-08-07,2
Redner,Margarett,1993-09-24,M,1992-12-20,6
Grumbles,Luz,1993-02-26,F,2001-05-16,7
Mongold,Georgianna,1993-07-13,F,2004-08-18,4
Fetzer,Marquis,1994-02-01,F,2007-10-08,6
Wiers,Randy,1997-03-14,F,2008-08-25,9
Noren,Laine,1995-01-23,F,2002-01-29,5
Buresh,Laine,2002-01-24,F,1996-08-31,5
Motsinger,Dion,1993-12-19,M,1994-03-08,6
Culton,Dion,2000-05-11,M,2011-10-16,2
Schewe,Camellia,1999-10-22,F,2011-04-26,8
Latson,Margherita,1996-10-19,M,2005-01-13,3
Damron,Buffy,1993-07-30,M,1993-11-14,4
Drews,Anthony,1997-07-27,F,1990-07-29,7
Antes,Michele,1996-03-27,M,2007-09-15,4
Culton,Zonia,2001-02-15,M,1990-10-22,8
Mcnaught,Margarete,1994-10-27,M,1998-11-04,2
Stoval,Thomas,1994-03-14,M,2011-06-01,5
Damron,Margarett,1999-07-13,M,1992-06-30,8
Mongold,Elida,2000-01-19,M,1990-08-09,9
Wiers,Luz,1993-03-18,F,2015-01-13,4
Block,Zonia,1997-06-10,F,1994-01-08,7
Mote,Marquis,1991-12-23,F,2006-11-23,2
Redner,Tyisha,1990-12-12,M,2002-02-26,3
Catt,Rebecka,2000-01-08,M,2005-10-07,6
Coby,Qiana,1990-03-21,F,1996-02-03,8
Buresh,Lawanda,1999-07-21,M,2020-09-04,3
Klemp,Margarett,1999-06-25,M,1994-10-30,4
Damron,Lloyd,1992-03-22,F,2008-07-14,4
Haslett,Lyndia,1991-03-20,M,1993-04-07,5
Mayoral,Yuri,1991-04-10,F,1995-08-18,3
Pecora,Tami,1994-09-21,M,2002-07-25,9
Serna,Margarett,1994-03-14,M,2007-12-17,8
Lupo,Georgianna,1991-02-05,M,2004-10-21,9
Pepper,Elida,1994-02-22,F,1994-07-03,4
Culton,Luz,1999-11-08,M,1997-05-16,6
Pecora,Thommy,1992-04-20,M,2011-03-16,4
Grisby,Camellia,1995-12-31,M,2004-04-22,6
Pecora,Thomas,1996-07-16,M,1997-03-15,8
Wrona,Thommy,1991-06-09,F,2009-08-25,3
Coby,Lawanda,1992-06-20,F,2003-03-25,8
Schewe,Laine,2001-03-02,F,2015-09-15,6
Pingree,Augustine,1992-05-08,F,1999-02-03,6
Fetzer,Diego,1990-06-19,F,2009-12-26,2
Latson,Lawanda,1995-03-13,M,2015-08-09,3
Pepper,Maribel,1994-12-22,F,1999-11-24,4
Schildgen,Tyisha,1997-06-08,F,1999-08-15,8
Buresh,Tama,1996-09-07,F,1991-01-02,1
Pekar,Stephania,1992-06-11,F,2015-01-22,9
Kazmierczak,Randy,1990-12-24,M,1996-12-06,4
Lanz,Jeanice,1998-09-16,M,2004-11-12,7
Wrona,Margarett,1997-05-28,F,2005-09-28,8
Howe,Maribel,1998-09-21,M,2003-08-26,6
Fleishman,Elroy,1991-02-19,M,2011-07-31,3
Schroeder,Arden,1995-01-31,M,2006-05-22,2
Latson,Arden,1998-09-24,F,2006-06-25,5
Fleishman,Laine,1993-04-29,M,2010-09-02,9
Mongold,Stephania,1990-01-12,F,2003-02-03,5
Pekar,Marquis,1996-05-10,F,1995-10-22,9
Howe,Nancie,1995-03-20,F,1994-06-10,3
Redner,Camellia,1993-01-22,F,2001-11-21,7
Ramage,Laine,1999-04-25,F,1996-03-03,1
Ramage,Zonia,2000-03-15,F,2019-04-04,7
Menjivar,Elroy,1999-01-07,F,2005-01-31,2
Center,Anthony,1990-01-21,M,2011-12-14,1
Catt,Arden,1996-11-16,M,2009-10-12,8
Howe,Yuri,1995-09-12,M,2017-09-06,3
Noren,Dion,1999-02-07,M,2013-08-15,5
Schroeder,Joan,1992-11-23,F,1991-10-26,6
Drews,Lloyd,1997-11-15,F,2019-04-01,4
Pekar,Arden,2001-03-20,F,2000-05-13,4
Kucera,Leigha,1997-03-13,F,2009-12-30,6
Schewe,Johnathon,1991-03-31,F,1993-10-03,4
Wrona,Alejandro,1996-09-10,M,2008-06-04,1
Klemp,Bong,2001-03-12,M,2012-10-04,7
Pepper,Tami,1992-05-22,M,2017-01-09,5
Motsinger,Diego,1999-03-17,M,2013-08-02,4
Damron,Jeanice,1996-04-23,M,2010-07-26,4
Michaud,Margarete,1995-10-10,M,1993-11-27,2
Motsinger,Georgianna,1998-12-08,M,1991-11-24,3
Antes,Raleigh,1999-03-09,M,1996-04-22,4
Howe,Samatha,1995-07-08,M,2003-11-18,1
Antes,Raleigh,1991-11-03,F,2003-09-13,7
Klemp,Camellia,1996-03-22,F,2011-10-09,7
Stoval,Margarett,1990-04-02,F,2004-02-03,9
Schewe,Arden,1994-01-27,F,2015-08-20,4
Roberie,Luz,2000-01-09,F,1996-12-22,8
Stoval,Erasmo,1995-10-08,M,2016-01-05,1
Mote,Blythe,1991-05-20,M,1992-08-20,8
Mayoral,Lawanda,2000-02-12,F,1996-11-07,2
Volkman,Diego,1991-11-16,F,1997-12-08,9
Serna,Joan,1990-11-04,F,2015-01-16,9
Noren,Tyisha,2000-08-21,M,1999-12-16,4
Lupo,Marquis,1990-10-21,F,2012-12-26,7
Mischke,Thomas,1997-03-31,M,2013-08-23,3
Menjivar,Michele,1997-08-17,M,2014-04-14,9
Byron,Erasmo,2001-10-19,M,2010-06-01,2
Lupo,Samatha,1991-03-28,F,1998-07-18,7
Antes,Zonia,1991-06-20,F,2006-07-12,4
Coby,Joan,1997-04-15,M,2001-10-06,4
Menjivar,Buffy,2000-09-18,F,2010-07-22,2
Howe,Clora,1994-02-14,M,2006-12-27,4
Culton,Augustine,1997-01-13,M,2003-05-31,9
Coby,Rubi,2000-12-14,M,1991-05-25,1
Schildgen,Zonia,1999-01-11,F,2003-08-15,6
Block,Laine,1994-04-09,F,1999-05-30,4
Stoval,Luz,1998-09-14,F,2007-05-18,5
Catt,Qiana,1995-09-13,F,2014-01-02,3
Pepper,Buffy,1995-06-19,M,2001-06-13,9
Menjivar,Elida,1994-08-10,F,1992-07-26,9
Howe,Anthony,1997-01-06,F,2000-04-29,6
Badon,Anthony,1992-09-13,F,2007-12-09,5
Schroeder,Georgianna,1993-08-20,F,1994-12-05,4
Culton,Georgianna,1992-12-31,F,1996-06-15,7
Mcnaught,Qiana,1994-10-06,F,2014-06-13,5
Grumbles,Nancie,1995-12-14,M,1993-09-28,1
Haslett,Rebecka,2001-04-07,M,1991-08-18,3
Mote,Leigha,1999-07-01,M,1994-02-09,8
Pekar,Bong,1991-10-25,F,2012-01-05,2
Roberie,Maribel,1993-06-23,M,2019-12-02,7
Damron,Luz,1991-02-24,F,2009-03-07,1
Grisby,Yuri,1995-11-22,M,2019-07-23,4
Noren,Diego,1992-11-24,M,2002-08-19,5
Catt,Stephania,1995-01-24,F,1998-11-29,7
Lupo,Margherita,1991-07-17,F,2008-08-12,1
Schewe,Leigha,1997-09-11,F,1999-07-20,2
Buresh,Johnathon,1990-02-15,F,1991-12-01,7
Mote,Yuri,1999-01-24,F,2014-10-15,2
Schildgen,Zonia,1997-12-08,M,1994-03-03,5
Catt,Margherita,1998-02-12,M,2013-04-24,9
Mayoral,Nancie,1993-10-19,F,1993-08-27,4
Pecora,Elroy,1998-11-29,F,2010-06-25,4
Wrona,Clora,1997-04-06,F,2019-06-09,9
Schroeder,Margherita,1996-07-25,M,2014-06-20,1
Guillemette,Elroy,1992-10-19,M,1997-01-07,8
Redner,Thommy,2000-08-22,M,1993-01-28,6
Mischke,Raleigh,1991-12-25,F,2001-06-21,7
Wiers,Tami,1993-08-14,M,1991-01-24,3
Motsinger,Augustine,1994-11-06,F,2014-09-27,2
Paris,Bong,1998-06-10,M,2010-09-01,3
Damron,Lyndia,1994-05-31,M,1991-11-26,5
Motsinger,Thommy,1991-03-14,M,2017-07-30,8
Pecora,Larisa,1998-03-09,M,2009-12-06,7
Damron,Thomas,1995-01-08,F,2017-02-08,3
Center,Stephania,1995-03-29,F,2018-02-12,8
Buresh,Laine,1998-07-08,M,2003-06-25,2
Mayoral,Sharie,1998-03-08,F,1996-07-22,8
Haslett,Arden,1992-03-26,M,2001-10-22,6
Badon,Christeen,1996-12-24,F,2005-12-22,4
Antes,Georgianna,1991-09-25,M,1998-08-07,1
Badon,Margarett,1997-08-16,F,2018-08-09,9
Howe,Bong,1996-10-21,M,2015-06-14,8
Lanz,Randy,1997-03-23,M,2016-09-09,1
Catt,Rebecka,1995-08-22,F,2013-04-23,9
Grumbles,Arden,1995-10-28,F,2012-12-25,9
Culton,Tama,1998-10-04,F,2008-07-04,9
Catt,Nancie,2000-05-21,F,2003-08-02,5
Lupo,Maribel,1993-06-04,M,1995-11-11,3
Mongold,Raleigh,2001-10-19,M,2015-06-20,8
Michaud,Georgianna,2000-09-02,F,2015-07-13,6
Byron,Erasmo,1995-11-15,F,2009-09-25,1
Latson,Gaylene,1999-01-20,M,1992-10-27,1
Center,Johnathon,1992-07-17,M,2001-12-17,7
Mote,Maribel,2001-11-19,M,2006-11-27,6
Klemp,Tami,1999-02-20,F,2010-11-16,3
Pepper,Laine,1991-07-25,M,2009-08-07,2
Catt,Thommy,2000-04-24,F,2011-10-30,1
Grisby,Marquis,1992-04-17,M,2012-04-24,5
Antes,Margarett,2001-02-09,M,2012-08-21,4
Schildgen,Elroy,1992-11-14,F,2014-12-14,6
Catt,Nancie,1999-08-28,M,2016-07-17,6
Grisby,Blythe,1998-04-27,M,2006-05-26,5
Badon,Tami,1995-04-12,M,2002-03-17,9
Mischke,Joan,1991-04-07,F,2015-02-28,7
Volkman,Lawanda,2001-02-05,F,2009-12-17,8
Latson,Elroy,1999-05-23,F,2002-09-07,7
Motsinger,Stephania,1995-01-18,M,2018-06-21,7
Mongold,Erasmo,1995-10-04,M,2005-10-29,2
Michaud,Zonia,1998-06-14,M,1994-07-17,9
Mischke,Sharie,2000-11-10,F,2009-01-02,5
Badon,Marquis,1992-08-28,F,2017-06-01,7
Menjivar,Stephania,1999-01-17,F,2000-06-28,8
Mote,Gaylene,1990-03-14,M,2008-05-21,2
Mote,Larisa,1990-12-24,F,2002-06-11,5
Geddes,Larisa,1990-04-17,M,2011-07-09,3
Kazmierczak,Rebecka,1994-01-08,F,2014-12-25,6
Michaud,Margarete,1997-10-18,F,1999-06-03,8
Klemp,Samatha,1992-10-28,F,1990-10-20,4
Paris,Sharie,1998-08-07,M,2003-07-02,7
Badon,Joan,1993-10-08,F,2000-01-06,2
Stoval,Dion,1997-08-21,M,2001-10-06,4
Noren,Johnathon,1990-11-12,M,2001-06-02,7
Geddes,Johnathon,1998-02-26,F,1994-05-28,5
Schewe,Johnathon,1992-11-21,F,2008-07-20,9
Stoval,Stephania,1998-08-01,F,1998-01-17,2
Drews,Dion,1999-05-28,F,2005-06-24,6
Schewe,Anthony,1992-07-10,M,2014-06-21,6
Roberie,Dion,1993-09-22,M,2003-10-08,6
Motsinger,Erasmo,1995-01-04,F,2020-05-17,9
Block,Erasmo,1996-01-06,M,2014-08-15,4
Pingree,Jeanice,1990-11-29,M,2003-02-06,7
Latson,Jeanice,2000-09-24,M,2003-08-11,5
Damron,Marquis,1997-07-20,M,2012-10-20,2
Schroeder,Becki,2000-08-24,M,1991-07-18,3
Mcnaught,Thommy,1997-02-01,F,2016-09-12,7
Haslett,Rubi,1996-09-29,F,2015-07-22,7
Lupo,Raleigh,1991-05-25,M,1992-07-06,6
Mongold,Thomas,1990-09-14,M,2003-06-18,7
Grumbles,Tama,2000-07-11,F,2008-10-06,1
Antes,Augustine,2001-06-25,M,2014-07-21,5
Noren,Blythe,1991-10-08,F,1997-09-17,3
Pekar,Dion,1991-04-25,M,2020-01-22,1
Grisby,Christeen,1994-11-19,M,2004-09-08,8
Grumbles,Lawanda,1997-06-10,F,2019-11-08,9
Coby,Yuri,1994-06-16,M,2019-07-27,3
Pekar,Johnathon,2001-06-29,M,2000-11-24,5
Kucera,Alejandro,1997-06-22,F,2014-07-29,2
Damron,Zonia,2001-12-02,F,2011-12-14,6
Haslett,Augustine,1993-09-12,M,2015-12-25,7
Coby,Camellia,1991-03-18,M,1996-05-26,6
Motsinger,Laine,1990-12-17,F,2008-01-09,2
Fleishman,Christeen,2001-11-20,M,2012-03-29,8
Antes,Joan,1999-09-17,M,2013-12-28,2
Noren,Leigha,1999-02-17,F,2006-10-10,9
Haslett,Marquis,1991-10-21,M,2002-03-03,9
Pekar,Laine,1990-06-07,M,2016-08-30,2
Motsinger,Marquis,1996-01-06,F,2019-03-19,3
Mischke,Laine,2001-05-24,F,2016-02-17,9
Badon,Lloyd,1999-08-13,F,2007-12-04,4
Block,Georgianna,1997-11-08,F,2014-04-03,7
Haslett,Gaylene,1993-01-31,F,2010-11-27,5
Kazmierczak,Stephania,1998-01-12,F,1991-05-27,1
Schildgen,Augustine,1995-04-23,M,2013-04-25,1
Mote,Augustine,2001-05-25,F,2000-04-02,2
Mischke,Elroy,1990-08-14,M,1997-11-23,2
Mayoral,Yuri,1991-12-03,M,2020-02-05,1
Kazmierczak,Sharie,1994-02-12,F,2012-10-07,6
Guillemette,Christeen,1996-09-09,M,1991-09-15,4
Grisby,Diego,1993-01-09,F,2008-03-25,9
Badon,Laine,2001-03-06,F,2014-12-12,3
Pecora,Rubi,1997-11-21,F,2015-02-25,8
Menjivar,Blythe,1999-11-01,M,2011-09-17,4
Buresh,Tami,2000-08-23,F,2016-09-12,3
Byron,Tami,1990-08-31,M,2020-08-20,3
Schildgen,Rubi,1990-11-26,M,2006-04-30,7
Badon,Erasmo,2000-12-19,F,2007-12-22,7
Catt,Diego,1999-06-11,F,1991-11-24,1
Grisby,Larisa,1996-03-26,F,2018-08-12,9
Catt,Margherita,1997-09-06,F,2012-05-13,4
Latson,Tama,1997-08-14,F,2013-08-06,3
Drews,Tama,2001-09-24,M,2010-08-09,5
Mote,Laine,1990-12-30,M,2018-07-24,3
Buresh,Bong,2001-06-27,M,2012-06-17,4
Damron,Thommy,1991-09-27,M,2003-02-02,3
Redner,Leigha,1992-01-13,F,1993-10-21,1
Wrona,Yuri,1991-12-06,F,2000-05-23,7
Fetzer,Lyndia,1998-08-30,M,1998-03-10,8
Culton,Luz,2000-10-10,F,2012-08-06,4
Grisby,Rebecka,1997-10-15,F,1994-04-09,8
Culton,Elida,2001-11-23,F,1996-07-03,1
Mayoral,Margarett,1993-01-03,M,2002-09-05,2
Culton,Rubi,1991-03-16,M,1997-10-07,3
Klemp,Stephania,2000-07-07,F,2015-02-11,3
Volkman,Arden,1995-06-16,F,2014-12-17,8
Mcnaught,Camellia,1995-03-28,M,2019-11-01,2
Mcnaught,Maribel,1998-05-29,M,2019-04-13,6
Klemp,Blythe,1995-08-09,F,2005-06-27,3
Klemp,Rubi,1993-04-25,M,2014-10-09,3
Grumbles,Dion,2001-08-19,F,2014-03-28,6
Kucera,Larisa,1995-08-03,M,2005-10-09,1
Coby,Gaylene,1994-01-28,F,1990-12-12,5
Mischke,Jeanice,1990-03-25,M,1994-07-17,9
Kazmierczak,Becki,2001-08-23,F,2000-07-12,6
Byron,Dion,2001-11-04,F,2007-05-13,9
Paris,Diego,1992-07-23,M,1998-08-25,5
Buresh,Lloyd,1992-01-24,M,2016-12-21,7
Badon,Samatha,1997-04-26,M,2001-01-02,8
Howe,Margarett,1992-09-12,F,1995-02-20,8
Buresh,Margarete,1995-06-06,F,1991-11-23,3
Volkman,Sharie,1993-04-06,M,1997-03-26,7
Wrona,Buffy,1992-11-27,F,1999-04-28,4
Mcnaught,Alejandro,1992-05-16,F,2007-11-18,7
Antes,Bong,2001-08-21,M,2014-07-15,4
Buresh,Anthony,1997-04-18,F,1990-03-01,6
Mischke,Tama,2001-11-16,M,2010-05-01,8
Motsinger,Alejandro,1998-06-17,F,2016-08-04,4
Motsinger,Elida,2000-02-10,M,2009-07-31,1
Guillemette,Margarett,2001-01-11,F,1994-07-20,7
Badon,Michele,2000-11-27,M,1991-04-27,5
Culton,Zonia,1992-05-24,M,2010-06-22,6
Drews,Anthony,1998-11-05,F,2009-01-09,1
Kucera,Larisa,1990-01-28,F,1994-12-10,7
Haslett,Qiana,1990-11-02,M,2005-01-13,8
Mote,Laine,1997-09-25,F,2002-01-27,8
Kazmierczak,Margarete,1990-12-23,F,2010-07-07,1
Haslett,Erasmo,1991-04-04,M,1991-02-02,9
Catt,Margherita,1993-12-26,M,2006-11-22,2
Noren,Tami,1990-04-19,M,2005-11-03,4
Damron,Arden,1996-02-28,F,2004-11-21,5
Drews,Tama,1999-05-27,M,2006-09-19,8
Pekar,Lloyd,1994-07-26,M,2018-07-16,1
Ramage,Thomas,2001-06-20,M,2013-08-11,3
Redner,Thomas,1997-07-14,M,2016-03-20,3
Stoval,Raleigh,1993-07-10,M,2011-08-05,1
Menjivar,Yuri,2000-02-14,F,2018-12-31,6
Mischke,Clora,2001-05-12,F,1993-07-03,3
Schewe,Augustine,2000-04-27,M,2009-12-26,6
Culton,Maribel,1991-05-11,M,1993-04-17,2
Pekar,Tyisha,1998-03-17,M,2011-04-03,9
Motsinger,Jeanice,1991-06-11,F,2000-01-26,5
Buresh,Luz,1996-08-29,F,2014-08-20,7
Guillemette,Leigha,1995-08-26,M,1995-07-25,1
Latson,Dion,1994-12-06,M,2009-07-01,4
Coby,Stephania,1991-10-08,F,2008-07-28,5
Fetzer,Lawanda,2000-07-19,M,2015-02-08,4
Pekar,Elroy,2001-09-02,F,2018-06-27,8
Guillemette,Georgianna,1993-06-08,M,1992-04-15,9
Volkman,Jeanice,1992-02-27,M,2003-09-22,9
Mayoral,Anthony,1997-02-17,M,2012-01-12,4
Coby,Blythe,1994-02-08,M,1994-11-12,4
Byron,Jeanice,2000-10-21,F,2015-06-07,6
Badon,Dion,1998-07-14,F,1992-08-02,1
Menjivar,Augustine,2001-03-26,F,2009-09-23,9
Latson,Marquis,1996-04-19,F,2019-10-21,3
Schildgen,Joan,1999-08-31,F,2007-12-04,2
Damron,Elida,1993-03-29,M,1992-12-13,5
Wiers,Sharie,1998-04-24,M,1995-02-01,5
Kucera,Nancie,1998-11-17,M,1990-07-21,1
Roberie,Becki,1991-01-11,M,2015-09-22,8
Redner,Yuri,1990-06-22,M,2020-03-05,6
Mote,Tyisha,1996-09-29,F,2001-04-19,2
Serna,Laine,1997-02-12,F,1996-12-28,1
Mongold,Marquis,1999-09-19,F,2017-02-08,5
Schewe,Margherita,2000-02-26,M,1995-02-25,4
Latson,Zonia,1996-01-16,F,1995-09-18,1
Coby,Margarett,1991-04-14,M,2003-08-26,1
Wiers,Stephania,2000-04-26,M,2018-10-25,1
Paris,Becki,1997-01-21,F,1993-12-14,3
Fleishman,Thommy,2001-06-17,F,1998-02-22,2
Kucera,Camellia,1991-03-02,F,2004-07-06,9
Pepper,Blythe,1993-10-10,F,1996-08-04,2
Stoval,Anthony,1996-03-29,M,1996-03-15,4
Menjivar,Camellia,1997-09-15,M,1999-11-19,9
Stoval,Larisa,1996-05-05,F,2007-06-12,6
Howe,Anthony,1993-12-13,F,1995-08-18,6
Wiers,Thommy,1995-10-22,F,2007-08-09,1
Mischke,Raleigh,1994-12-24,M,2004-08-22,9
Center,Larisa,1994-11-28,F,2006-11-22,5
Antes,Christeen,2000-05-09,M,2007-12-12,6
Mote,Tyisha,1996-02-15,M,1996-04-09,1
Block,Augustine,1996-09-02,F,2000-07-13,3
Volkman,Tami,1992-03-11,M,2005-03-02,7
Noren,Buffy,1993-09-11,F,1996-10-12,5
Antes,Nancie,1996-08-09,F,1990-03-28,3
Redner,Marquis,1990-07-15,F,2010-07-09,3
Schewe,Becki,1991-02-05,F,1990-10-11,5
Schewe,Margarete,2001-11-09,F,2002-02-20,4
Redner,Lloyd,1990-03-30,M,2006-07-23,6
Mischke,Georgianna,1993-05-11,M,2008-08-27,8
Guillemette,Margherita,1997-08-19,M,2007-07-30,8
Ramage,Erasmo,1995-08-22,M,2018-12-04,7
Noren,Arden,1997-07-06,M,2009-04-19,6
Fetzer,Lawanda,2001-02-28,M,1995-07-29,1
Coby,Margarete,1991-09-18,M,2005-04-07,3
Drews,Tyisha,1991-07-05,M,1999-05-19,6
Grisby,Lyndia,1998-11-20,F,1997-03-07,3
Badon,Jeanice,1997-12-06,M,2003-06-30,3
Buresh,Laine,1993-04-28,F,2001-06-02,9
Stoval,Thomas,1996-07-06,M,2019-11-06,8
Mayoral,Diego,2001-06-14,F,2018-01-31,3
Byron,Bong,1992-12-12,F,2015-10-12,3
Kazmierczak,Luz,2001-11-15,F,2015-04-24,8
Catt,Samatha,1997-09-16,M,2006-03-02,1
Klemp,Augustine,1996-12-25,M,1992-01-17,1
Drews,Augustine,1994-11-04,F,2020-07-29,5
Fleishman,Becki,1996-11-15,F,2014-07-01,9
Klemp,Laine,1993-03-31,F,1995-01-07,9
